J,k,tau,H_squared,c_fit
1.0,1,0.5,876.803569792003,-0.08142694340192884
1.0,2,1.0,876.803569792003,-0.06244956573383638
